{
  "confidence_intervals": {
    "workflow_run_time_confidence_intervals": {
      "n": 11,
      "mean": 1.7950682640075684,
      "ninetieth_interval": [
        1.6045131581890502,
        1.9856233698260866
      ],
      "ninety_fifth_interval": [
        1.5680238826067807,
        2.022112645408356
      ],
      "ninety_ninth_interval": [
        1.4966670770236759,
        2.093469450991461
      ],
      "p90": 2.1724390983581543,
      "p95": 2.447390079498291,
      "p99": 2.6673508644104005
    },
    "llm_latency_confidence_intervals": {
      "n": 11,
      "mean": 1.5426138964566318,
      "ninetieth_interval": [
        1.3555719055559206,
        1.729655887357343
      ],
      "ninety_fifth_interval": [
        1.319755354106848,
        1.7654724388064156
      ],
      "ninety_ninth_interval": [
        1.2497140979397732,
        1.8355136949734905
      ],
      "p90": 1.8642809391021729,
      "p95": 2.1641918420791626,
      "p99": 2.4041205644607544
    },
    "throughput_estimate_confidence_interval": {
      "n": 11,
      "mean": 0.5566314230567064,
      "ninetieth_interval": [
        0.28054993998060523,
        0.8327129061328076
      ],
      "ninety_fifth_interval": [
        0.22768327300858587,
        0.885579573104827
      ],
      "ninety_ninth_interval": [
        0.12429956870774794,
        0.9889632774056649
      ],
      "p90": 0,
      "p95": 0,
      "p99": 0
    }
  },
  "common_prefixes": null,
  "token_uniqueness": null,
  "workflow_runtimes": null
}